tweet_id,account_name,user_id,timestamp,text,links,repiles,retweets,favorites
1246918333355548672,Sam Anderson,66073917,2:51 PM - 5 Apr 2020,Oh Penelope! ,,Null,1,190
1246905444670603264,Shaun,755024353708892160,1:59 PM - 5 Apr 2020,if our prime minister dies of a highly ,https://twitter.com/BBCBreaking/status/1246894412472483841,Null,215,3129
1246904056536276993,Eyewitness News,16715398,1:54 PM - 5 Apr 2020,BREAKING: A 4-year-old tiger at the Bronx Zoo has tested positive for coronavirus after coming into contact with a ,https://7ny.tv/2wXoZ1E,Null,456,559
1246899525584896001,Love Like JESUS,855545600867266562,1:36 PM - 5 Apr 2020,.     VIRUSES are ,,Null,166,282
1246891666528747520,Belleza,307780378,1:05 PM - 5 Apr 2020,People who are watching ,,Null,3,60
1246889673185800193,Aldrin Sampear,163808974,12:57 PM - 5 Apr 2020,Who was a bit freaked out when Dr Mears said "...the average person touches their face two or three thousand times a day"?  Then came   "People can be ,,Null,29,135
1246878666283458560,Dave Jones ğŸ´ó §ó ¢ó ·ó ¬ó ³ó ¿ğŸ³ï¸â€ğŸŒˆ,83011510,12:13 PM - 5 Apr 2020,Cancer is not highly ,https://twitter.com/arron_banks/status/1246765572878151680,Null,98,816
1246875589304356865,De Black Prince ğŸ‘‘ğŸ‡¿ğŸ‡¦,917430523361939456,12:01 PM - 5 Apr 2020,Null,,Null,6,34
1246828865303064580,Iain Martin,110437588,8:55 AM - 5 Apr 2020,Cancer isn't ,https://twitter.com/Arron_banks/status/1246765572878151680,Null,227,1056
1246810326903009280,Manu Raju,39155029,7:42 AM - 5 Apr 2020,â€œI will not say we have it under control...That would be a false statement â€ Fauci says on CBS. Trump has said repeatedly that the virus was under control  including on March 15: â€œIt's a very ,,Null,674,2349
1246808112176271368,Maggie Haberman,93069110,7:33 AM - 5 Apr 2020,Florida has emerged as a test case of what happens when officials use guesswork against a highly ,https://www.politico.com/states/florida/story/2020/04/01/aiming-while-blind-desantis-targets-coronavirus-with-insufficient-data-1269910,Null,826,2282
1246806806749491200,Simon Wood,422833031,7:28 AM - 5 Apr 2020,And  critically  smoking is not ,,Null,86,1305
1246802131169902592,Lily Bell,3167122216,7:09 AM - 5 Apr 2020,You know what else is ,,Null,6,21
1246791419706122240,MUAVI,725409174293733376,6:26 AM - 5 Apr 2020,â€œLike many of the more than 35 000 immigrants currently in U.S. Immigration and Customs Enforcement (ICE) custody  the women held at the LaSalle detention center in Jena feel powerless to shield themselves from the highly ,https://www.cbsnews.com/news/coronavirus-women-ice-custody-louisiana-release-covid-19/,Null,450,600
1246789326828187649,Ciro Teleffe,2391740046,6:18 AM - 5 Apr 2020,I feel stupid and ,,Null,16,62
1246778385801641986,Molly Jong-FastğŸ¡,14298769,5:35 AM - 5 Apr 2020,People are going to die because they think Jesus will protect them from a highly ,https://twitter.com/amaramarasingam/status/1246658639785492480,Null,2514,9864
1246762146488352773,Nazu khan,940905155008122880,4:30 AM - 5 Apr 2020,Prophet Muhammad (PBUH)said  If U hear an outbreak of a plague in a land dont enter it but if the plague outbreaks in a place while u r in it dont leave that place  Those with ,,Null,55,48
1246735727427293189,Rachael,1164602642728980481,2:45 AM - 5 Apr 2020,Your love for each other got me speechless ,,Null,14,70
1246723792052924416,Burhan Ali ğŸ‡µğŸ‡°,792578906830364672,1:58 AM - 5 Apr 2020,As of Wednesday  Pakistan has recorded at least 243 cases of the highly ,,Null,22,7
1246653423694614529,viviâ‰‹ woojjong month!! ssdğŸ“Œ,929886559540834305,9:18 PM - 4 Apr 2020,jinki's smile is so ,,Null,4,43
1246909757069430795,Mike,274699227,2:17 PM - 5 Apr 2020,If the this small sample proves to be representative of the population as a whole  then the virus is even more ,https://twitter.com/Yascha_Mounk/status/1246240181440540672,Null,37,96
1246901605573767169,Thembi,791877787019870209,1:44 PM - 5 Apr 2020,When you are watching a movie about a ,,Null,0,5
1246891858221051904,ammaarah in yearning,1086465888,1:05 PM - 5 Apr 2020,South African parents everywhere seeing how ,,Null,4,18
1246890460280389633,Rejoiceâ¤ï¸,982084065208782849,1:00 PM - 5 Apr 2020,I'm tired of telling my parents that it's Contagion not ,,Null,1,14
1246835309507051522,Director Pamela Goulden-McLeod,508277453,9:21 AM - 5 Apr 2020,â€œThe same way anxiety and panic is ,,Null,9,34
1246811243501019138,ğŸ’¥Max Lewis ğŸ‡¬ğŸ‡§ğŸ´ó §ó ¢ó ¥ó ®ó §ó ¿ğŸ‡®ğŸ‡ªğŸ‡©ğŸ‡°ğŸ’¥,988091157237452800,7:45 AM - 5 Apr 2020,1. Still seeing tweets saying ,,Null,4,12
1246795788925259776,Mark D. Levine,17143007,6:44 AM - 5 Apr 2020,When will I stop being ,,Null,51,300
1246765064318791680,Rob Hutton,1136104693233541120,4:42 AM - 5 Apr 2020,Kindness is ,,Null,5,19
1246690133119602688,Jako de Leon,67063550,11:44 PM - 4 Apr 2020,saw this online ,,Null,23,131
1246670735533367298,IG:@elizmakope,932250524,10:27 PM - 4 Apr 2020,I am lost of words these guys are too much with their love  its so ,,Null,10,22
1246633644216725506,Jedediah Bila,60680268,7:59 PM - 4 Apr 2020,Because New Yorkers live on top of each other in a distinct way. In Manhattan almost all live in apartments  not houses. Many roommates. Public-transportation heavy.Subways  buses.Few have our own cars. So many reasons this city is a particular danger zone for a ,https://twitter.com/cernovich/status/1246591239186550790,Null,543,3470
1246616899720343554,BryandaaaağŸ¦‹,1052015627701907457,6:53 PM - 4 Apr 2020,Shits ,,Null,4,25
1246611831751311366,Hear Me Roar,3334843313,6:33 PM - 4 Apr 2020,You can't expect a president who raw dogs porn stars to care about ,,Null,117,436
1246562743152521218,Dr. Claudia William M.D. ğŸ©ºğŸ’Š,298619241,3:18 PM - 4 Apr 2020,Thank you so much for this sentiment  But if we know this virus poses a great risk to healthcare workers due to how ,,Null,6,22
1246539269855821824,Shannon Watts,246939630,1:44 PM - 4 Apr 2020,â€œThe contagion is so ,,Null,605,3386
1246538777675419651,Daniel Dale,225265639,1:42 PM - 4 Apr 2020,Trump: "The problem with this one is the contagion. It's so ,,Null,233,924
1246505770385936384,Michelle Dean,16526776,11:31 AM - 4 Apr 2020,"i feel stupid / and ,,Null,113,590
1246489417566412801,Geeta SharmağŸ‡®ğŸ‡³,76614977,10:26 AM - 4 Apr 2020,"Smile is a healing tool and is also ,,Null,40,198
1246460682398285829,Howard Dayton,329439979,8:32 AM - 4 Apr 2020,A virus may be ,,Null,4,5
1246451379805106183,Manu Ginobili,24342206,7:55 AM - 4 Apr 2020,Null,https://twitter.com/WIRED/status/1246446309906812928,Null,108,724
1246904948970999813,Liam,2427439700,1:58 PM - 5 Apr 2020,Null,,Null,2,2
1246884449507213314,Tomi Rikhotso,1326711578,12:36 PM - 5 Apr 2020,letâ€™s watch in numbers so people would see the severity of ,,Null,14,43
1246855823755796486,Cernovich,358545917,10:42 AM - 5 Apr 2020,I oppose a national lockdown.  Central planners failed:  - CDC said don't wear masks.  - WHO said coronavirus isn't human-to-human ,,Null,291,975
1246829904366161923,Rahul Bhatli,2517496981,8:59 AM - 5 Apr 2020,The amazing folks who are bursting firecrackers right now. Stupidity is more ,,Null,1,5
1246816901843562498,Ryan Goodman,1171109054,8:08 AM - 5 Apr 2020,Fauci: â€œI will not say we have it under control  Margaret. THAT WOULD BE A FALSE STATEMENT. We are struggling to get it under control.â€  Trump March 15: â€œItâ€™s a very ,,Null,329,607
1246791969545883649,Sheu Sinzu Ajika Dollars âœª,550928463,6:29 AM - 5 Apr 2020,VERIFIABLE ISLAMIC ADVICE ON ,,Null,13,12
1246739805871931392,Catherina Brian ğŸ‡ªğŸ‡ºğŸ•¯ï¸ğŸ´ó §ó ¢ó ³ó £ó ´ó ¿=ğŸ¡,30275326,3:01 AM - 5 Apr 2020,Why is ,,Null,16,33
1246738898069397506,Business Insider,20562637,2:58 AM - 5 Apr 2020,Corruption is ,,Null,44,83
1246696460688568320,ğŸ˜ Apr 3 Elephant on Disney+ ğŸ˜ (Minhee âœ¨),1037154561855709184,12:09 AM - 5 Apr 2020,her smile is ,,Null,6,121
1246683870411370501,subin mum,2491376293,11:19 PM - 4 Apr 2020,hanse laughters is the best gjkdjdkd ,,Null,59,113
1246659007068037120,Alex R Dell,963357677287038979,9:40 PM - 4 Apr 2020,Iâ€™ve said from the beginning  either A) everybody already had it or B) itâ€™s not as ,https://twitter.com/yascha_mounk/status/1246240181440540672,Null,13,69
1246585432583942145,Katie O Grady,1114712562,4:48 PM - 4 Apr 2020,My dad pathologist..gloves mask. glasses if need be..viruses super ,,Null,14,149
1246552063959416832,Ian Miles Cheong,16106584,2:35 PM - 4 Apr 2020,Better give Trump like 35 Pinocchios for not being able to see the future at the very beginning of February when China was lying to the world about how ,https://twitter.com/GlennKesslerWP/status/1246531962191384577,Null,203,964
1246551404250107904,Tom Nichols,459872442,2:33 PM - 4 Apr 2020,â€œThereâ€™s never been anything so ,,Null,357,2685
1246539070978674688,David Axelrod,244655353,1:44 PM - 4 Apr 2020,â€œItâ€™s so ,,Null,586,2795
1246481250371715076,Bill Madden,349803020,9:54 AM - 4 Apr 2020,To self isolate in a time of pandemic is one of the most selfless gestures you can do for society.  Use it as an opportunity.  Meditate  read a book  phone someone dear to you  watch a movie â€” and remember  a smile is more ,,Null,16,34
1246472834437853197,JoğŸŒ»,68664958,9:20 AM - 4 Apr 2020,So  how come Hancock is cleared to swan around apparently 'virus-free' after 7 days - even though we know the science says a person can be ,,Null,83,333
1246440981727043586,Tanzir,1241092426300682242,7:14 AM - 4 Apr 2020,Bhai"s stubble look  & His ,,Null,8,55
1246423611822481408,TyrannyUponUs,1236127652936810498,6:05 AM - 4 Apr 2020,Covid-19 is highly ,,Null,2,6
1246805500362207232,dgmtick1,484449533,7:22 AM - 5 Apr 2020,Tobacco is not a ,,Null,62,545
1246755963652042752,sachbrush,973742749,4:05 AM - 5 Apr 2020,Why would the curse ship inform you? What do they say??    "This is your captain speaking "we got some sick muthafuckers onboard  this shit is ,,Null,3,15
1246699214299521024,Belieberâœ¨,1224371489048154112,12:20 AM - 5 Apr 2020,Null,,Null,0,1
1246642911929909254,Proud Principal Pidone,2838431144,8:36 PM - 4 Apr 2020,So blessed Mrs. Elbancol ,https://twitter.com/mruiz18_CJES/status/1246636724652052481,Null,1,10
1246587357362561024,Fact,2425231,4:56 PM - 4 Apr 2020,Happiness is ,,Null,463,1543
1246546776523448331,ameliağŸ’›,1345644193,2:14 PM - 4 Apr 2020,His smile is ,,Null,0,16
1246544801572552705,M.A.S.K OffğŸ§ ,2877165331,2:06 PM - 4 Apr 2020,Join me next week on April 6th as we kick off my virtual campaign week with â€˜Make Me Smile Mondayâ€™! Take a selfie and tag me with the hashtag  ,,Null,12,12
1246539033020370944,Michelangelo Signorile,18124790,1:43 PM - 4 Apr 2020,Trump: â€œItâ€™s so ,,Null,115,573
1246538761648902145,Tom Nichols,459872442,1:42 PM - 4 Apr 2020,â€œNobodyâ€™s ever seen anything like that  where itâ€™s so ,,Null,143,805
1246515772635189248,Conrad Fischer,20966560,12:11 PM - 4 Apr 2020,My coronavirus infection was much milder than others. 80-90% have few symptoms. I am ten days past diagnosis and not ,,Null,71,853
1246514498728583168,Ralph Northam,104198706,12:06 PM - 4 Apr 2020,I've been in the medical field for over 30 years  and I've rarely seen a pathogen as ,,Null,324,901
1246464265159970817,Jericho Vero,127807539,8:46 AM - 4 Apr 2020,Okay po ano naka 10 likes nga. ,,Null,0,16
1246441615910219778,Beth Frates, MD,730021628,7:16 AM - 4 Apr 2020,Together we can make a difference. Today  let's make a point to spread some positive  emotions far  and wide. ,,Null,85,235
1246431723665096707,john bringuel,3237408959,6:37 AM - 4 Apr 2020,VERY VALID question  NO media is ASKING  why? Media ask this question! Along with many other critical questions like; Why wasnâ€™t the CDC Protocol for Emerging Viruses ,https://twitter.com/lrihendry/status/1246414553459699718,Null,71,134
1246398838392356870,Qurat-ul-Ain,377292645,4:26 AM - 4 Apr 2020,Emotions are far more ,,Null,0,5
1246311401695498241,Chris Meloni,222185665,10:39 PM - 3 Apr 2020,. ,,Null,118,1718
1246309414354599938,ğŸï¼¡ï¼®ï¼©ï¼­ï¼¥ï¼­ï¼¥ï¼³â›©,2634602088,10:31 PM - 3 Apr 2020,They are ,https://redd.it/fujlzl,Null,93,591
1246308620855324675,kat @ quarantine,1169994762247639040,10:28 PM - 3 Apr 2020,This silly little man changed my life. He brought joy to me when I felt almost nothing. His smile is ,,Null,27,451
1246298778321276929,George Conway,471677441,9:49 PM - 3 Apr 2020,at least he knows that the contagion is so ,https://twitter.com/sbg1/status/1246197106697809922,Null,535,3933
1246601529068584960,brittany packnett cunningham is staying inside!,239509917,5:52 PM - 4 Apr 2020,Canâ€™t wait for the probates to happen & everyone has pandemic-themed line names.   Like has anybody virtually probated a K.S.  K.W.A.R.A.N.T.I.N.E. SP â€˜20?   With an anchor named Covid â€œcause Iâ€™m sooooooo ,,Null,8,170
1246492638297104391,Corey Bradford,3243499620,10:39 AM - 4 Apr 2020,Null,,Null,20,241
1246489767908343814,ALX ğŸ‡ºğŸ‡¸,534023,10:28 AM - 4 Apr 2020,The U.S. is by far the largest funder of the ,,Null,190,355
1246453631529947139,Ï‰ â·,1169732052398292992,8:04 AM - 4 Apr 2020,His smile is soo ,,Null,6,8
1246359512405217281,Simon Shackleton,15319060,1:50 AM - 4 Apr 2020,Anxiety is ,,Null,3,8
1246298225969070081,Robert Lee,721568500599373824,9:47 PM - 3 Apr 2020,This is the decisive chart from a comprehensive study conducted by that notorious pinko-left news agency -- Bloomberg.  At least keep your stupidity to yourself; you are ,,Null,2,11
1246285635129954310,ÙÂ­rt y fav ğŸ“Œ,1120716247598084096,8:57 PM - 3 Apr 2020,bae jinyoungâ€™s ,,Null,36,84
1246275560889876481,VaccineTruths,1013291026755317760,8:17 PM - 3 Apr 2020,If COVID-19 is highly ,,Null,158,505
1246269641212612608,Tara Moss,22479256,7:53 PM - 3 Apr 2020,I have a growing discomfort with the way 'wash your hands' (smart  sensible policy  always) is being twisted into something that feels a touch victim-blamey. ,,Null,22,214
1246260886974509056,bright's big ass clown ğŸ‡µğŸ‡­,1230346090819379205,7:18 PM - 3 Apr 2020,WIN'S SMILE IS ,,Null,25,47
1246235575973302277,ğŸŒ·Jisleide (GIGI )ğŸŒ·,1212838144824893440,5:38 PM - 3 Apr 2020,may your ,,Null,0,1
1246223324180615168,ğŸŒ™ yagami,174551291,4:49 PM - 3 Apr 2020,His smile was ,,Null,8,47
1246220020146831360,Le CinÃ©philes,964778778143555585,4:36 PM - 3 Apr 2020,BREAKING: Sony marketing department under fire for releasing highly ,,Null,55,418
1246174090509123584,Cllr Danny Donnelly,1097835032,1:33 PM - 3 Apr 2020,Sadly inconsiderate people are now littering the place with their used latex gloves. Given the ,,Null,64,216
1246166047104827394,Prime Minister's Office, Pakistan,1040146057093627904,1:01 PM - 3 Apr 2020,Contrary to false beliefs being spread on social media  corona is highly infectious and ,,Null,399,1324
1246147313699094529,BVW Girls Soccer,2757520902,11:47 AM - 3 Apr 2020,Our first senior is Ashlyn Acheson  her energy has the ability to pump up all her teammates. She is a solid asset to the back line  whoâ€™s love for the game is ,,Null,3,35
1246147047507611649,Hikmah Publications,2891439673,11:46 AM - 3 Apr 2020,Introduction of Shaykh Al-â€˜Allamah Salih al-Fawzan for the book:  â€œThe Sickness and the Cureâ€  Imam Ibn al-Qayyim   The Coronavirus is a ,,Null,184,306
1246146528210714627,Padma Lakshmi,57371662,11:44 AM - 3 Apr 2020,Wow  a 39 year-old slumlord with no political or ,https://twitter.com/TheDailyShow/status/1246107613231755265,Null,1200,11765
1246146251856306176,Eminent,1148445948839788544,11:43 AM - 3 Apr 2020,â€œWinning is ,,Null,4,12
1246143049169854467,CONTAGIOUS - OUT - NOW,1129789168845033472,11:30 AM - 3 Apr 2020,Ases ,,Null,0,3
1246321483372212224,GJ,94018083,11:19 PM - 3 Apr 2020,Valentino Khanâ€™s energy is more ,,Null,18,48
1246147562480062464,TIMBERVIEWBASKETBALL,1568904354,11:48 AM - 3 Apr 2020,Positive Touches are HUGE! - a ,,Null,2,18
1246118962665943041,á´‡ÊŸÊŸá´€ ğŸŒ™ğŸŒ» #IN_ITS_TIME,1040285943767326720,9:54 AM - 3 Apr 2020,MAN leedo's smile is definitely the most ,,Null,4,16
1246098803192709132,Ed Fulkerson,4710479594,8:34 AM - 3 Apr 2020,Congrats to Macomb High April Student of the Month Maggie Vallillo. Maggie plays volleyball and softball  is a member of the Student Council  NHS  Ecology Club  and Spanish Club. Maggie is a 4.0 student with a ,,Null,1,17
1246096496367452160,jamesâ·,834126129774657537,8:25 AM - 3 Apr 2020,Null,,Null,1,7
1246093298667868161,Philip Schuyler,857001662,8:12 AM - 3 Apr 2020,China's govt lied re when outbreak happened how many cases covering it up how ,,Null,23,53
1246089996890771461,Ross Ramsey,14283170,7:59 AM - 3 Apr 2020,In the face of a highly ,https://bit.ly/2wQdcSL,Null,53,82
1246085726300749824,NewAge âœˆï¸,1337327778,7:42 AM - 3 Apr 2020,Null,,Null,21,52
1246085671497994240,jadeğŸ°ğŸ± #LAYERS,981309758215999489,7:42 AM - 3 Apr 2020,Iâ€™M IN LOVE WITH THEIR ,,Null,8,23
1246083306023780354,KrayğŸ¥€,1052490019628306432,7:33 AM - 3 Apr 2020,"Even during the corona pandemic  the most ,,Null,0,19
1246080054322438144,CleaningQueen,1241760409138401283,7:20 AM - 3 Apr 2020,Whoâ€™s Vincent Fusca?? He appeared out of no where?  These 2 are always in close proximities of one another! Does she look familiar? That smile is ,,Null,9,30
1246068325639172096,Bill Guandolo,18049428,6:33 AM - 3 Apr 2020,Hope is more ,,Null,0,2
1246065010616545280,NY AG James,132496568,6:20 AM - 3 Apr 2020,For these companies to continue to provide group medical transport rides in the face of a clear ban  during the outbreak of a highly ,,Null,46,242
1246036965151178758,Dr Martin Murphy,624617307,4:28 AM - 3 Apr 2020,The WHO view of how long people remain ,,Null,12,14
1246030034302713857,Kashif Ahmed Faraz,81364970,4:01 AM - 3 Apr 2020,Indiaâ€™s hospitals are in intensive care  and in no position to cope with an avalanche of patients with a ,,Null,30,26
1246013637799510019,Kingdom PPE International,1195013036982980608,2:56 AM - 3 Apr 2020,Your smile is ,,Null,123,118
1245999594338529281,MagnetoğŸ’™Logan (A-Team),3732869292,2:00 AM - 3 Apr 2020,His laugh is ,,Null,5,26
1245947726824644609,North - #JoeBiden2020,24469034,10:34 PM - 2 Apr 2020,How can they when this fed govt has abandoned them  says theyâ€™re â€œnever satisfiedâ€  accuses them of stealing supplies because their tiny brains canâ€™t grasp that huge influx of ,,Null,28,237
1245925913562251265,yellagold,2470078764,9:07 PM - 2 Apr 2020,I automatically isolate myself when Iâ€™m not in the best mood  or not feeling myself .. energy is ,,Null,3397,5897
1245900123432865792,KERRY CASSIDY,25363645,7:25 PM - 2 Apr 2020,NOW ON YOUTUBE MUST WATCH Dr. Robert O. Young  SAYSâ€¦CORONA VIRUS IS NOT A VIRUSâ€¦.AND IT IS NOT ,https://youtu.be/fgqa2hzR32c,Null,36,119
1246095690566164485,shayâ·,1033296497343909889,8:22 AM - 3 Apr 2020,itâ€™s true...joonie really has the most ,,Null,78,289
1245899629280944128,Rick Jordan,303837668,7:23 PM - 2 Apr 2020,Negativity is ,,Null,180,484
1245895452299612160,Tressie McMillan Cottom,148593548,7:06 PM - 2 Apr 2020,This is local news. I am surprised to see more of the narrative that we just learned asymptotic people are ,,Null,18,284
1245859387119304711,Tim_Cusack,1119959422904614917,4:43 PM - 2 Apr 2020,R0 (pronounced R-naught) is a mathematical term referring to how ,,Null,3,25
1245823759556259841,Valerie Goldsmith ğŸ³ï¸â€ğŸŒˆ ğŸ•¶ï¸,24028558,2:21 PM - 2 Apr 2020,As a US Air Force veteran  I applaud Capt. Brett Crozier. He had to know his career would prob be destroyed by leadership that would rather blame one good man than admit systemic problems with regard to extremely ,,Null,34,154
1245817550556073984,Ù…ÛŒØ± Ø¹Ø§ØµÙ… Ø­Ø³ÛŒÙ† ğŸ’£,1091666365658865667,1:57 PM - 2 Apr 2020,You become what you surround yourself with. Energies are ,,Null,1,3
1245814314830663680,Joe Sanberg,2806253912,1:44 PM - 2 Apr 2020,5/ Despite most Americans wanting (and needing) it  ,,Null,137,524
1245798846032220166,Andrew Michael,766054952020111360,12:42 PM - 2 Apr 2020,Iâ€™m sure all NHS workers are pleased to hear that Matt Hancock has got â€œloads of PPE in a massive warehouseâ€ Iâ€™m sure itâ€™s a huge comfort to them in there Wilkoâ€™s dust masks while caring for ,,Null,48,111
1245791516313911296,Wod,290981782,12:13 PM - 2 Apr 2020,The WHO has stated that people may still be ,,Null,979,2198
1245779977468907521,iculaughingrn,1174854090817331201,11:27 AM - 2 Apr 2020,the US PPE situation for the non-HCW:  our employers are basically telling us itâ€™s safe to have unprotected sex with a total stranger  but once that stranger is confirmed POSITIVE for something ,,Null,56,87
1245777458563092485,Rima Hajjo,944930582890450948,11:17 AM - 2 Apr 2020,If people are ,,Null,3,12
1245761639502229509,tanita mtileni ğŸ‡²ğŸ‡¼,954916006832558080,10:14 AM - 2 Apr 2020,If 3 confirmed cases in Malawi sounds like nothing to worry about or rather  nothing you need to pay attention to  then you should pay serious attention to these diagrams and remember that ,,Null,49,52
1245745244919885824,allan crawshaw,704798725747531776,9:09 AM - 2 Apr 2020,Across Canada Indigenous leaders  health-care workers & local residents are worried that mining activities ~ compounded by the industry's fly-in  fly-out culture ~ could give rise to the swift spread of the highly ,https://thetyee.ca/News/2020/04/01/Mining-Petroleum-Workers-COVID/?utm_source=daily&utm_medium=email&utm_campaign=020420,Null,13,15
1245742769483767815,Ahmed Abdul Raheem,1940918942,8:59 AM - 2 Apr 2020,Don't you ever visit me at home  this thing is ,,Null,0,2
1245736102297841666,The FGC Onion,1225601187208101889,8:33 AM - 2 Apr 2020,Twitch Streamer Disposes Of Their Entire Setup After They Learns Their Roommate  A Ladiva Main  Used It. 'Playing Grapplers Could Be ,,Null,31,80
1245716449039200256,Precious JoyğŸ›¡ğŸ›¡ğŸ›¡ğŸ›¡,1155255239978754048,7:15 AM - 2 Apr 2020,Mercy is a queen ,,Null,40,87
1245682518302457857,bbright,1241297676911570944,5:00 AM - 2 Apr 2020,win's ,,Null,15,51
1245665377100730371,leanahosea,17709531,3:52 AM - 2 Apr 2020,Flint  Michigan: Professor Sullivan  described self-isolating with a ,,Null,22,56
1245618641850085377,Mandy,83628515,12:46 AM - 2 Apr 2020,Striking how the two videos of people spitting in faces during a ,,Null,12,59
1245601128999354368,Most Merciful Jesus,3080675556,11:37 PM - 1 Apr 2020,Merciful Lord  fill us with a spirit of joy which is both persistent and ,,Null,9,53
1245690175616962560,Karl Hawkes,14815838,5:30 AM - 2 Apr 2020,Therefore logical conclusion this is very minor cough that kills people at a far lower rate than normal flu. So why have we destroyed our economies surely it is clear and obvious it is mass hysteria that is ,https://youtu.be/c1aoULlMpn0,Null,1,5
1245600967615111168,Tim Shaw,1268356770,11:36 PM - 1 Apr 2020,So his wifes parents were on board ,https://twitter.com/rationalbitch/status/1245499584857567232,Null,390,583
1245600066955431936,Christzel Ã— Taehyung | Stream No more dream,1244838393244053504,11:32 PM - 1 Apr 2020,HIS SMILE IS SOOO ,,Null,1,2
1245588932860887041,Duorland,270193853,10:48 PM - 1 Apr 2020,â€œCOVID-19 may be ,,Null,7,8
1245564401056350210,exist4ZV,1224028834552516609,9:11 PM - 1 Apr 2020,Her smile is ,https://twitter.com/Sunshineliron/status/1245461497687523330,Null,0,16
1245531992365596676,TerryBurnsğŸ‡ºğŸ‡¸,906531427,7:02 PM - 1 Apr 2020,More ,,Null,3,33
1245531159758602241,Emilayyy Babayyy ğŸ‘‘,2788180142,6:59 PM - 1 Apr 2020,Only thing ,,Null,0,52
1245526683592970240,SUKHğŸ˜ INSANğŸ˜‡ğŸ˜ ğŸ¥°,4923441121,6:41 PM - 1 Apr 2020,Null,,Null,35,17
1245526203798175744,manda ğŸ•¯,2422864926,6:39 PM - 1 Apr 2020,insert that thing about smiles being ,,Null,86,516
1245523827167096832,Stefan Arnon,28405269,6:29 PM - 1 Apr 2020,Null,,Null,8,33
1245523520446177280,Alex Jay the underrated singer ğŸ¶ğŸŒ,173872327,6:28 PM - 1 Apr 2020,Negative energy is ,,Null,145,302
1245517911890018305,Johnny,332372248,6:06 PM - 1 Apr 2020,Yeah from DeBlasio and his Health Chief just 3 weeks ago telling everyone in NYC to go to work  dinner  theaters  shop  take the subway  take the bus. Covid isnâ€™t even ,,Null,6,11
1245505517289476096,chowkidhar Udeerna,1456515054,5:17 PM - 1 Apr 2020,This the Most Dangerous Deadly ,,Null,6,11
1245500862526521351,Tom Laure,886054132523708416,4:58 PM - 1 Apr 2020,Spending time with this crew on my Wednesday night makes everything feel normal!  Their smiles  energy  laughter... so ,,Null,0,20
1245494950030163975,Amber Jehangir,2350004463,4:35 PM - 1 Apr 2020,Deadly but still funny (?) Even deadly and ,,Null,20,71
1245493065005105164,Jennifer Rubin,218975278,4:27 PM - 1 Apr 2020,an utter moron:Trump said. â€œI think also in looking at the way that the contagion is so ,https://www.washingtonpost.com/world/2020/04/01/coronavirus-latest-news/,Null,1091,3384
1245489037797810176,Mohamed Shareef,100461884,4:11 PM - 1 Apr 2020,â€œAutism is not ,,Null,33,421
1245478436455448578,Tom Nichols,459872442,3:29 PM - 1 Apr 2020,â€œIt is so ,,Null,592,4612
1245413582420029449,Dogs Delight,1169016709094813698,11:11 AM - 1 Apr 2020,Null,,Null,36,167
1245349821688381440,KYOL,715161649699627009,6:58 AM - 1 Apr 2020,Keep that smile babe  itâ€™s ,,Null,0,8
1245346080562262016,Jaipreet Virdi,46530078,6:43 AM - 1 Apr 2020,Remember when I asked if people who recovered from mild/moderate covid-19 can still be ,,Null,99,174
1245335217004515328,á´Šá´€É¢á´œá´€Ê€ á´€Ê€á´„ÊœÉªá´ ÉªÉ´É¢,891799804824760320,6:00 AM - 1 Apr 2020,a baby's ,,Null,84,243
1245322594749943808,Rosalba Gattari,2534867085,5:10 AM - 1 Apr 2020,Coronavirus...,,Null,37,50
1245273938394894336,hi everything,1128641285793837056,1:56 AM - 1 Apr 2020,Kathryn Bernardoâ€™s smile is so ,,Null,13,31
1245248845249822721,blakandblack,225779417,12:17 AM - 1 Apr 2020,I know that ,,Null,42,93
1245231170499076096,UberFacts,95023423,11:07 PM - 31 Mar 2020,'Syndrome K' was a fake disease made up by Italian doctors to save Jews who had fled to their hospital seeking protection from the Nazis.  They were quarantined  and the Nazis believed it was a deadly  disfiguring  and highly ,,Null,737,6420
1245224172155961344,Sharrio ijaz,4823500031,10:39 PM - 31 Mar 2020,missing adu di smile to the moon and back highly ,,Null,16,20
1245172491368218625,Sky Cerulean Dream,796371098,7:13 PM - 31 Mar 2020,To whom it may concern hang in there even if your section of The Multiverse is starting to crack up. If this day has become to harsh. Tomorrow is another day and we can try and do our best then. Delusion is almost as ,,Null,18,25
1245135379616772097,Acyn Torabi,16635277,4:46 PM - 31 Mar 2020,The President says no one knew the Coronavirus was so ,,Null,558,1550
1245133086087696384,Jack ğŸ‡ºğŸ‡¸,4482329417,4:37 PM - 31 Mar 2020,Traitor Don: "Nobody knew how ,,Null,184,1034
1245127179249172481,Eichin Chang-Lim,1615628623,4:13 PM - 31 Mar 2020,My friends  please take this quote to heart!   ,,Null,139,113
1245101755563728898,Fikret GÃœLTEKÄ°N,1403302296,2:32 PM - 31 Mar 2020,Null,,Null,7,20
1245082947348283406,greg wood,1195906122806415360,1:18 PM - 31 Mar 2020,I miss hearing you giggle bubba...your laugh is so ,,Null,0,15
1245080848535298051,JoAnn Francis,2248719750,1:09 PM - 31 Mar 2020,Your energy is ,,Null,83,253
1245065079927832577,ğ’¢ğ’¶ğ“ğ’¾ğ“â„¯ğ’¶ â€âŠ,703961904570470401,12:07 PM - 31 Mar 2020,25 years ago today  our queen was taken from us. Your legacy will live on and millions of us will always remember your music  your style  & your ,,Null,6,29
1245064314790215688,ğš•ğšŠğš’ğš—ğšŠ ğš‹ğšŠğš‹ğš¢ â™¡ï¸,4174984214,12:03 PM - 31 Mar 2020,only thing ,,Null,8,115
1245058703042252802,Heather Hogan,21411216,11:41 AM - 31 Mar 2020,(Oh  also: my first symptoms didn't set in until day 7 of mine and Stacy's full-on quarantine and the chest symptoms didn't come until day 12. I was ,,Null,13,159
1245057323724308486,T r u t h I c o n s,1203313844682215424,11:36 AM - 31 Mar 2020,Mercy is so perfect  her smiles are too ,,Null,8,38
1245022330977427463,kim jacobs,329331676,9:17 AM - 31 Mar 2020,This is still very serious and highly ,,Null,4,13
1245112160012980224,Ralph Nader,77314692,3:14 PM - 31 Mar 2020,Not giving undocumented workers insurance for COVID-19 is foolhardy. Do we want these workers who harvest our food  serve our elderly  and other critical tasks to go without testing and treatment and be ,,Null,456,1286
1244993735500468226,HAØ³EEB,2455025774,7:23 AM - 31 Mar 2020,Medical staff and Pakistan Army are the only Force in Pakistan to cure and assist people in any ,,Null,0,10
1244984546225008642,Shelbi,1181320906477572096,6:47 AM - 31 Mar 2020,Kindness is also ,,Null,13,73
1244962008803336192,ZEINAH ğŸŒ â°Â³Â²â·,1226649065309405184,5:17 AM - 31 Mar 2020,At this moment  I do believe in "Jealousy is a disease." GET WELL SOON yall  I heard its ,,Null,4,13
1244954463204446212,puma,36138505,4:47 AM - 31 Mar 2020,Ones that hate us and cuff us and mace us Call us dumb niggas 'cause our culture is ,,Null,190,593
1244940404392263683,ğ–„ğ–€ğ–‰ğ–ğ–“ğ–Œğ–˜ğ•±ğ–†ğ–“,1157564682875523072,3:51 AM - 31 Mar 2020,WINGS! Their smiles are ,,Null,17,40
1244914058064789506,Ø­Ø³Ù† Ø¨Ù¹ ğŸŒ¹Hassan ButtğŸŒ¹,2491050968,2:06 AM - 31 Mar 2020,Or the practice of isolating from others in the hope of preventing the spread of ,,Null,33,3
1244901250694549509,Moh_Omarâ„¢ğŸ¦,1203013492401422338,1:16 AM - 31 Mar 2020,COVID-19 is highly  ,,Null,7,11
1244896430017466368,Extinction Rebellion Newham,1131677315270926337,12:56 AM - 31 Mar 2020,Kindness is ,,Null,33,103
1244872892090683392,hÎ±ni,563837607,11:23 PM - 30 Mar 2020,his laugh is so ,,Null,69,128
1244821319348359168,JustMyThots,1146034576843825153,7:58 PM - 30 Mar 2020,This is bullshit. We are being lied too. Symptoms donâ€™t present for 7-14 days. Then symptoms last 2 weeks  where youâ€™re still ,https://twitter.com/RoyalReporter/status/1244588752837672961,Null,35,226
1244811104204623872,Victoria Lynch,905162403192569857,7:17 PM - 30 Mar 2020,more like outrageous  so ,,Null,68,1061
1244751320768106496,ceo of horny,1182844729852981248,3:20 PM - 30 Mar 2020,heâ€™s got a ,,Null,4,23
1244730610519650304,Alexandra Paul,34745971,1:57 PM - 30 Mar 2020,Gratitude is great for our health and ,,Null,2,7
1244711032821440512,We need #TestAndTrace ğŸ‡,281877818,12:40 PM - 30 Mar 2020,1/I've been reading a bit about historic diseases  and holy shit was smallpox scary. It was spread the same way as coronavirus but was twice as ,https://en.wikipedia.org/wiki/Smallpox,Null,171,784
1244690149730070529,Lehigh Swimming & Diving,423490469,11:17 AM - 30 Mar 2020,Coach Herb's message to all people who are doing their jobs  working to help fight this ,,Null,4,23
1244680823930081280,Mainers for Accountable Leadership,822931753878847490,10:40 AM - 30 Mar 2020,Maine received 5% of our request for PPE ,https://twitter.com/KevinMillerPPH/status/1244654321247162369,Null,45,61
1244676863525629953,be.short.run.ultra,1147534495844896768,10:24 AM - 30 Mar 2020,Shine on! You never know who needs you. Positive energy is ,,Null,0,8
1244656764055965703,Wilder Elementary,2778409734,9:04 AM - 30 Mar 2020,Kindness is ,,Null,0,20
1244618113829781504,SisiğŸ·|noren au ğŸ“Œ,1030404998029406211,6:30 AM - 30 Mar 2020,Renjun:You're not understanding listen to me  Jeno:Okay  Renjun:I'm sick  Jeno:I know:(  Renjun:I have the flu  Jeno:Yeah..  Renjun:It's highly ,,Null,13,54
1244794656132497408,Rita Panahi,25235151,6:12 PM - 30 Mar 2020,Tucker nails it. Again. WHO not only regurgitate Chinaâ€™s lies but they refused to listen to Taiwanese authorities who warned them in *December* about how ,https://twitter.com/DailyCaller/status/1244794024910901249,Null,732,1760
1244735629432442880,amesğŸ•Š,1167244735481884672,2:17 PM - 30 Mar 2020,TPWK: you are embody happiness. you are someone whoâ€™s very proud of who they are and encourage other people to be as well. you always have a smile on your face and people find your happiness to be ,,Null,37,348
1244686114989969411,SophiaCycles,446340817,11:01 AM - 30 Mar 2020,â€œAnxiety is extremely ,,Null,25,59
1244642944696700929,World Health Tips,886615818318041089,8:09 AM - 30 Mar 2020,Coronavirus patients could be ,https://www.ngospelmedia.net/news/coronavirus-patients-could-be-contagious-after-symptoms-resolve-study/,Null,0,0
1244617045578317824,Adelphia Elementary,523544002,6:26 AM - 30 Mar 2020,Starting the week off right  with Pajama Monday! Emma your smile is ,,Null,0,11
1244616206419726336,Practical Blasphemy wrote a New Book,4278599002,6:23 AM - 30 Mar 2020,Kurt Cobain was right: Weâ€™re stupid and ,,Null,4,15
1244610839686021120,Novelicious,2829428812,6:02 AM - 30 Mar 2020,Null,,Null,62,165
1244580223133323264,Fatima Khalid,931645432366813184,4:00 AM - 30 Mar 2020,Yes  life is very different right now but it is all about finding calm  dreams  understanding  patience  kindness and faith in the chaos.  - Good energy is ,,Null,0,7
1244579673423650816,Francesco Perone,816088230,3:58 AM - 30 Mar 2020,Time of ,,Null,57,84
1244578278402224128,EveririthingÂ³âµ ğŸ’‹,1148510233154605056,3:52 AM - 30 Mar 2020,Bare face  laid back outfit   cap wore backwards   ,,Null,15,52
1244563793461399552,ğŸ•‰ Keshav Sharma,747686587379621888,2:55 AM - 30 Mar 2020,Null,,Null,119,509
1244533842616020992,ğ€ğ§ğğğ¬ |,794920072557064192,12:56 AM - 30 Mar 2020,This IV cracks me up EVERY SINGLE TIME I watch it   her laugh is ,,Null,2,7
1244510247101665284,Mahjabeen_J,784116396473155585,11:22 PM - 29 Mar 2020,The new coronavirus appears to spread from person to person among those in close contact. It is spread by respiratory droplets when someone infected with the virus coughs or sneezes. It's unclear exactly how ,,Null,69,7
1244462833321959424,Richard Read,244376426,8:13 PM - 29 Mar 2020,Now it appears that airborne ,https://www.latimes.com/world-nation/story/2020-03-29/coronavirus-choir-outbreak,Null,461,530
1244451789547753478,Chelsea-Rose Bagnerise,2999915492,7:30 PM - 29 Mar 2020,smile:)) itâ€™s ,,Null,5,47
1244439738838331392,Ariii,1158699146674675712,6:42 PM - 29 Mar 2020,Null,,Null,2,17
1244413897450364930,Ed Gonzalez,17756893,4:59 PM - 29 Mar 2020,detained in a close space. ,,Null,45,219
1244383140497457153,Canary Health Tech,935536821609680896,2:57 PM - 29 Mar 2020,O to 5 day asymptomatic window -  ,,Null,7,10
1244377139455176706,edie loves jenna,977703572367400961,2:33 PM - 29 Mar 2020,whatâ€™s more ,,Null,1,18
1244376074168889344,Wellington Zoo,55370864,2:29 PM - 29 Mar 2020,Yawns are ,,Null,52,137
1244548111869063170,Everyday Mindfulness,714249878,1:52 AM - 30 Mar 2020,Hope is more ,,Null,97,253
1244510163064762369,Mahjabeen_J,784116396473155585,11:21 PM - 29 Mar 2020,Some viruses are highly ,,Null,48,3
1244485868108140544,ya faavv,1664486803,9:45 PM - 29 Mar 2020,Girl you so ,,Null,13,65
1244463090072260608,Don Jefferis,954198774691303424,8:14 PM - 29 Mar 2020,Fox News  portraying itself as a news organization  does have liability issues because it disseminated false information about a ,https://twitter.com/aliasvaughn/status/1244348629487403008,Null,16,18
1244370726842503174,Jamie Dornan Source,1008833217951133698,2:07 PM - 29 Mar 2020,A smiley  giggly Jamie Dornan to lighten up your TL... His laugh is ,,Null,3,75
1244369542693953541,Mezzofita,1243993326392664066,2:03 PM - 29 Mar 2020,Who saw this movie  #,,Null,0,1
1244344617967013892,Ted Cruz,23022687,12:24 PM - 29 Mar 2020,Itâ€™s even worse. We KNOW China is lying. On 3/1  China had 80 026 reported cases. On 3/28  it had 81 439. Does anyone believe this highly ,https://twitter.com/marcorubio/status/1244279416819273729,Null,12525,35007
1244323757264637957,Natee ~A drift of dust~,392009371,11:01 AM - 29 Mar 2020,Null,,Null,55,416
1244318023382708227,Naji Abi Nader,201461444,10:38 AM - 29 Mar 2020,Since twitter is flooding with pics of dogs and cats ,,Null,3,66
1244297986605277192,Just Kristen ğŸ™…ğŸ¼â€â™€ï¸ğŸ˜·ğŸ§¤ğŸ¦ ,871707851290546176,9:18 AM - 29 Mar 2020,If only kindness were this ,,Null,126,274
1244286248996327425,ComfyKiddo,1241443357475438598,8:32 AM - 29 Mar 2020,Hard work is ,,Null,0,0
1244281214284029953,anastaciavğŸ‡ºğŸ‡¸,20205585,8:12 AM - 29 Mar 2020,When the head of ,https://twitter.com/ncwhm/status/1240023884641992705,Null,6,175
1244174025296928768,Chichi â¤ï¸,1192124273625837569,1:06 AM - 29 Mar 2020,I die on Rosie's IG handle ,,Null,15,148
1244157422907916289,UNICEF Education,571072597,12:00 AM - 29 Mar 2020,Smiles are ,,Null,66,208
1244153114334318598,~â€¢ Goddess Kay â€¢~,1182368996718530561,11:43 PM - 28 Mar 2020,Tested positive for pretty pu$$y & itâ€™s ,,Null,120,345
1244151575825780736,Simp Shady,852175281246941184,11:37 PM - 28 Mar 2020,Null,,Null,25,237
1244121035638636549,G,2977076083,9:35 PM - 28 Mar 2020,The virus is a reflection of the bleakness of society. ,,Null,20,17
1244117028165779456,Jason Walker,153929488,9:19 PM - 28 Mar 2020,As a leader  you are ,,Null,17,31
1244114262978637824,Nepeti Nicanor,1407385428,9:08 PM - 28 Mar 2020,No  she didn't specialise in ,,Null,8,250
1244113749750853635,28 Days Later,743236960525836288,9:06 PM - 28 Mar 2020,Null,https://www.dailymail.co.uk/news/article-8162697/Social-distancing-EIGHT-metres-avoid-coronavirus-risk.html,Null,49,58
1244285108586086401,SP BERHAMPUR,849149445572898816,8:27 AM - 29 Mar 2020,What is it that our boys are not doing? They are on the roads transporting those stranded  feeding those without food. Their motivation is infectious and their commitment ,,Null,17,169
1244278740550668288,Richard Reichle,323327211,8:02 AM - 29 Mar 2020,Viruses are NOT ,https://www.thebernician.net/the-deception-of-virology-vaccines-why-coronavirus-is-not-contagious-2/,Null,43,65
1244271704391614470,Joel Marquez,65848084,7:34 AM - 29 Mar 2020,Iâ€™m from Seattle. A mysterious and highly ,,Null,10,88
1244173276382822400,AlyceAndersyn,1025084409832079360,1:03 AM - 29 Mar 2020,People with flu are most ,,Null,4,38
1244171656928649218,AbÅ« NakhÌ±lahğŸ‘‘,2794546563,12:56 AM - 29 Mar 2020,The prophet Muhammad S.A.W. said: "There is no ,,Null,20,60
1244165907603128320,Son Of Olwa,272556229,12:34 AM - 29 Mar 2020,"Let love be more ,,Null,7,16
1244164612695576579,Craig Sherman @ğŸ ğŸŒŠğŸŒŠğŸŒŠ,2590026978,12:28 AM - 29 Mar 2020,For one thing the flu is spread out over many months and since the coronavirus is three times more ,,Null,4,62
1244148147934212097,Katheebseyedahamed,4754331134,11:23 PM - 28 Mar 2020,Null,,Null,19,42
1244144241678454784,Samia Ismail,1258391539,11:07 PM - 28 Mar 2020,i would do anything except act as a vector for a highly ,,Null,1,25
1244141209209262082,Mark Berardi,986416878548672513,10:55 PM - 28 Mar 2020,If ALS was a ,https://twitter.com/MinoSean/status/1243713767818461184,Null,21,16
1244134950644768770,that covid virus make u feel some type of way,1242431534100971526,10:31 PM - 28 Mar 2020,Yep. Not to mention the fact that these individuals could have been wearing masks out of concern that they themselves might be infected and ,,Null,1,69
1244131551337541633,Sports Express,2177415535,10:17 PM - 28 Mar 2020,Spending his post-cricket career as DSP in Haryana Police  ,https://www.newindianexpress.com/sport/cricket/2020/mar/29/icc-salutes-real-world-hero-joginder-sharma-for-fighting-against-covid-19-2122981.html,Null,9,63
1244120967967731712,Will the Class Guy,337461456,9:35 PM - 28 Mar 2020,However  having no symptoms does not mean you're not ,https://futurism.com/neoscope/half-coronavirus-carriers-no-symptoms,Null,12,21
1244120947285790723,Matteo,1232821149702246400,9:35 PM - 28 Mar 2020,Should you be taking care of kids when youâ€™re suicidal and possibly carrying a ,,Null,2,32
1244117737762426880,Mondise,1167633903018024960,9:22 PM - 28 Mar 2020,10 people will have to bury him. There is a deadly virus out there. ,,Null,0,78
1244117730829250561,Tanesha,19827776,9:22 PM - 28 Mar 2020,For the virus have been asymptomatic or have mild cold/flu like symptoms but they can still be ,,Null,3,46
1244113823339917318,ã…‡ã…ã……â·ğŸ‡¨ğŸ‡¦,998515541110378496,9:07 PM - 28 Mar 2020,You do know not every patient in the hospital has a ,,Null,1,165
1244105956356575232,a local (FTH),903336835174117376,8:35 PM - 28 Mar 2020,theres a communication theory that discusses this concept that people r more attractive when they r desired by other ppl. that means that if more people start simping for u  the energy becomes ,,Null,4,28
1244096392286613505,Detroit Street View,2540371302,7:57 PM - 28 Mar 2020,Null,,Null,8,46
1244270982216499201,Marshall MSP,1075535026102681601,7:31 AM - 29 Mar 2020,It seems weird to me that if someone had a highly ,,Null,1,6
1244267740552101889,David Pakman,21514744,7:18 AM - 29 Mar 2020,The car accidents and suicides garbage has to stop. Car accidents aren't ,,Null,631,5041
1244266338673188869,Steve SNR,4144410436,7:13 AM - 29 Mar 2020,So what do you know about the word ,,Null,17,69
1244182316404150272,Daily Trust,69271273,1:39 AM - 29 Mar 2020,On this day and time  with most of the country on lockdown due to the highly ,https://www.dailytrust.com.ng/urgently-needed-palliatives.html,Null,8,33
1244181413831860224,Alemayehu Geda/  á‹“áˆˆáˆ›á‹¨áˆ áŒˆá‹³,4612274205,1:35 AM - 29 Mar 2020,We also found similar pattern in our ,https://twitter.com/WorldBankAfrica/status/1244172557567381505,Null,5,9
1244181188002152450,Bea Jaspert ğŸ•¸,2660219592,1:34 AM - 29 Mar 2020,So sorry you having to deal with this. A lot of people seem devoid of empathy on impact of Covid19  if they themselves/their families are not (yet) heavily impacted. Although children rarely get critically ill with C19  adults can die from it  and itâ€™s VERY ,,Null,0,33
1244177118348673026,ğ“‚€ AvTheSurgeonğ“¿,710112474570366977,1:18 AM - 29 Mar 2020,why did i lost it in the middle of them losing it? laughter really is ,https://twitter.com/nikimcgloster/status/1222712455173935105,Null,0,10
1244167035468288000,George Damian,1047611841533399040,12:38 AM - 29 Mar 2020,Ebonyi State has the history of housing  some of of the ,,Null,2,5
1244166248142737409,mwy,156552819,12:35 AM - 29 Mar 2020,All but one of what you mentioned is NOT ,,Null,1,15
1244164362929127424,Mwana wa Maama,435839902,12:27 AM - 29 Mar 2020,In this season let love and kindness be more ,,Null,9,22
1244150109102911488,Tomthunkitâ„¢,289118612,11:31 PM - 28 Mar 2020,THIS SHOULD BE AN EYEOPENER: Bill Gates: ,https://cnbc.com/2020/02/28/bill-gates-says-coronavirus-may-be-once-in-a-century-pathogen.html,Null,9,6
1244149988504018944,Truth Warriorâ­â­â­ğŸ™ğŸ‡ºğŸ‡¸,626964949,11:30 PM - 28 Mar 2020,C'mon ,,Null,6,15
1244149363087151106,Letlhogonolo,586040029,11:28 PM - 28 Mar 2020,I really hope that the government that an educational campaign that seeks to educate people about COVID-19  how ,,Null,5,9
1244139519617699841,Patrick Dan Fischer,2694978564,10:49 PM - 28 Mar 2020,I'm quite disappointed by your tweets about covid19. The casualties from covid19 are low because of the measures taken everywhere. Otherwise they would be much more than other diseases like flu !!! More ,,Null,1,15
1244135608768962561,dsoto8043@gmail.com,1179399831913222144,10:33 PM - 28 Mar 2020,I see where your coming from but also consider the fact that before all of this  there was proper PPE. And diseases that were ,,Null,1,14
1244134177533919234,Tricia Morris,266268682,10:27 PM - 28 Mar 2020,I LOVE this Post. Thanks so much for including me in it  mrinal! And I Appreciate your connecting me with new Friends that I followed. Love and Kindness are also highly ,,Null,2,7
1244133678101352449,MTCC Plc,1371746005,10:25 PM - 28 Mar 2020,One of many steps a person can take to keep the community safe during ,,Null,6,6
1244131433590878208,Tricia Morris,266268682,10:17 PM - 28 Mar 2020,Null,https://twitter.com/mrinalsignodia/status/1243858789192744960,Null,3,5
1244124935204864002,å† å†›çš„äº²çˆ¹,1136390131068395520,9:51 PM - 28 Mar 2020,The reason why CCP wanted to release this virus is to use it as a excuse to suppress the protest in HK. Thus they would expect Sth that is ,,Null,6,34
1244103249054945280,Rao archna,1229293478040891392,8:25 PM - 28 Mar 2020,Null,,Null,14,4
1244266274651279362,bec,557028335,7:12 AM - 29 Mar 2020,remember when aidan gallagher said depression is ,,Null,4,105
1244266000020901888,a.zicc,3038231260,7:11 AM - 29 Mar 2020,Null,,Null,6,8
1244258969390125056,LeahMcGrath,259938890,6:43 AM - 29 Mar 2020,Null,,Null,9,44
1244256494582992896,Catholic Faith,2862520871,6:34 AM - 29 Mar 2020,O Great St. Rocco  deliver us  we beseech thee  from the scourges of God; through thy intercession  preserve our bodies from ,,Null,26,87
1244247144778866688,Ryleigh Lucinda,588774528,5:56 AM - 29 Mar 2020,Every medical expert: â€œPlease stay home  stay away from anyone you donâ€™t live with. This is serious  highly ,,Null,14,46
1244181437517107205,L. Tock,154616440,1:35 AM - 29 Mar 2020,It's estimated that 30% of Covid-19 cases are asymptomatic. The R0 (how easily it's spread) is about 2.8. For influenza  it's about 1.3.  It's more ,,Null,0,16
1244174795132096512,ğŸ’¥ğŸØ§ØªØ´â˜œâ™¥â˜Ø°ÙˆÙ‚ğŸğŸ’,488574069,1:09 AM - 29 Mar 2020,AroundÂ 20% of people who got SARSÂ during that outbreak in 2002 and 2003 were medical workers. One highly ,,Null,16,1
1244172357675163650,ğŸ’¥ğŸØ§ØªØ´â˜œâ™¥â˜Ø°ÙˆÙ‚ğŸğŸ’,488574069,12:59 AM - 29 Mar 2020,First  the coronavirus is highly ,,Null,11,2
1244170394082381826,Bazil Awill,477701724,12:51 AM - 29 Mar 2020,Let love be more ,,Null,2,5
1244168753807384576,easter v. || tay tawan's wifeğŸ’•,92489389,12:45 AM - 29 Mar 2020,ur smile has always been so ,,Null,11,28
1244165750513795072,Tommy ğŸ‡¦ğŸ‡²,3287244446,12:33 AM - 29 Mar 2020,no cap itâ€™s such a benefit to be my friend everyone that kicks it w. me starts making bread i literally make that shit ,,Null,3,13
1244163976348553217,Victoria,1148660041211400194,12:26 AM - 29 Mar 2020,We actually knew about this Virus in December  we watched what was happening in China  we then saw what was happening in Italy  our Government KNEW it was ,,Null,0,17
1244157915033939968,Health&FitnessFestival ğŸ‡¨ğŸ‡²,1196842550864338950,12:02 AM - 29 Mar 2020,COVID-19 is a highly ,,Null,4,6
1244150295615045633,Ø¯ÙˆØ­Ø¦Ù†Ø§,1101125950123753472,11:32 PM - 28 Mar 2020,The prophet mohommad  (peace be upon him )said. There is no ,,Null,0,20
1244149857318731777,Helen Back,1163705928413253632,11:30 PM - 28 Mar 2020,The 'infection' isn't just coronavirus. Deeply pernicious and highly ,,Null,4,13
1244129948710797313,Mikel Jollett,594175899,10:11 PM - 28 Mar 2020,all exponential means in this context is that the base number (of the exponent) is the number ALREADY infected. So if 100 were infected and it was EXPONENTIAL growth you would say 100 Ì‚n  where n is a function of how ,,Null,0,15
1244123889577402369,RojamCool,1159543747677425666,9:47 PM - 28 Mar 2020,Just got here?  Itâ€™s April.    Itâ€™s been here since late December or early January  you know over the holiday season.  10 000+ Chinese coming & going daily to LA  SF  SEA  NYC  CHI.  Direct flights from Yuhan.  Based on how ,,Null,1,22
1244117844083662848,The Himalayan Times,160131888,9:23 PM - 28 Mar 2020,Policemen across the country are in the frontline of the battle against coronavirus. But  the govt seems to have compromised their safety. Considering the highly ,https://wp.me/p6iC0n-2Kmj,Null,1,18
1244109435976290306,OVRDRiVE (65%),893574453858152449,8:49 PM - 28 Mar 2020,People comparing car crash deaths to COVID deaths are on a next level of stupid. I wasnâ€™t aware that car crashes were ,,Null,0,10
1244108455658438656,Jacqueline M ğŸ¨ ğŸ¾,2441617381,8:45 PM - 28 Mar 2020,When I'm having a problem with my kidneys  I'm pretty sure my GP will refer me to a specialist in Nephrology.   If I think I may have picked up a ,,Null,1,7
1244246325186531328,Sophia XV,1231248027496509440,5:53 AM - 29 Mar 2020,the desire of freedom is ,,Null,0,0
1244240836872863744,Mars Digitals,914531581087371269,5:31 AM - 29 Mar 2020,The Corona virus is an ,,Null,0,1
1244236090615234560,jamezilla0,2149949274,5:12 AM - 29 Mar 2020,friend of mine whom I met recently  with a ,,Null,0,1
1244229898979459072,Tomthunkitâ„¢,289118612,4:48 AM - 29 Mar 2020,ALTHOUGH TRUMP BLEW HIS CHANCE TO CONTAIN THIS NOVEL ,,Null,10,10
1244224524264050688,Celeb Slayer,1243405270862032897,4:26 AM - 29 Mar 2020,Now I know why weâ€™ll end up locked down. Comparing this highly ,,Null,0,1
1244183907186225152,Mukose Andrew,4341095956,1:45 AM - 29 Mar 2020,Keep a social distance and quarantine  other ways Corona virus is ,,Null,2,2
1244179499689766913,Sebastian Welfare,1170736740560072705,1:28 AM - 29 Mar 2020,Basically works like this. You  get sent back out. The immunocompromised and elderly die off. The strong get sick but recover. They develop the antibody to the virus. The virus goes into a remission period and becomes cylical but less deadly and ,https://twitter.com/SwishoMode/status/1244178483829334016,Null,3,4
1244168937266237442,Oobie,36599249,12:46 AM - 29 Mar 2020,Null,https://twitter.com/tinaqueen_15/status/1244148447030259720,Null,1,4
1244160039725625345,ğ ğ€ ğ“ ğ€ ğŸ”¥,873128757812264960,12:10 AM - 29 Mar 2020,Grabe comments. ,https://twitter.com/rapplerdotcom/status/1244118900981325826,Null,2,4
1244137835093004288,R-fat,1131342834320248833,10:42 PM - 28 Mar 2020,The Past cannot be changed. Opinions don't define your reality. Everyone's journey is different. Things always get better with time. Overthinking will lead to sadness. Happiness is found within. Smiles are ,,Null,1,12
1244136082364563463,ğŸ¤,3778027515,10:35 PM - 28 Mar 2020,its absolutely bonkers how many asshole comment on my top lips &/or gums but truth me told my smile is ,,Null,0,13
1244131595809775623,marie bradshaw,2608836661,10:17 PM - 28 Mar 2020,Bingo now you know the emergency.  What Hanks and others have is not ,,Null,1,30
1244131266405871616,The Flying Hippie,1150955098568134656,10:16 PM - 28 Mar 2020,Even during the Corona pandemic  the most ,https://twitter.com/kimmohito/status/1110141389633839104,Null,1,3
1244118118592634883,Still a Phil Kessel stan account ğŸ’•ğŸ’•,24501027,9:24 PM - 28 Mar 2020,hmm i wonder why china has such low numbers if it's this ,https://twitter.com/ScottGottliebMD/status/1244105334278553600,Null,3,3
1244110487790518272,haleigh,352795602,8:53 PM - 28 Mar 2020,is being horny ,,Null,1,5
1244106743715491841,Bryan,450007373,8:38 PM - 28 Mar 2020,COVID 30 times more ,,Null,1,7
1244106367821967360,Planetary Dichotomy,187511358,8:37 PM - 28 Mar 2020,The flu has a vaccine. Still kills thousands.  What do you think is going to happen with a disease that is more deadly and ,,Null,0,15
1244101967997095936,Menu Tyagi,1129195899383508992,8:19 PM - 28 Mar 2020,Null,,Null,7,2
1244099813198585856,Bill Chapman,22288097,8:11 PM - 28 Mar 2020,There are new antibody tests in development for this particular virus  but they can only tell if youâ€™ve had it and are now immune. They do not tell if you are currently infected and ,,Null,1,8
1244099351082749953,Vince Keenan,14541461,8:09 PM - 28 Mar 2020,For the record  the chosen song was Fleetwood Mac's "Don't Stop." But when you can get an entire city singing "I feel stupid and ,,Null,1,6
1244219744930144257,synergypull,1040905867615514625,4:07 AM - 29 Mar 2020,Some people imagine hunger is not ,,Null,0,0
1244219716232794114,Brian Aspinall,42602780,4:07 AM - 29 Mar 2020,A simple smile can be far more ,,Null,6,34
1244217171129110529,J. William James,467809161,3:57 AM - 29 Mar 2020,Moulin Rouge! (2001) is brilliant. and super relevant re: health crises. the tragedy of the story isn't simply that Nicole Kidman's character dies of TB  it's that TB is ,,Null,0,7
1244215876296953856,cesâ·â·,849850173324840962,3:52 AM - 29 Mar 2020,Her laugh is ,,Null,1,5
1244213993897521153,Random-Access Meme,1109690339298701312,3:45 AM - 29 Mar 2020,In the 2020 remake of ,,Null,0,0
1244212595244105728,â†â·,1214858764010098688,3:39 AM - 29 Mar 2020,His smile is so ,,Null,0,1
1244179298799550464,Rachel Connolly,889526082,1:27 AM - 29 Mar 2020,I think enforcing social distancing a week earlier than we did to stop the spread of a very ,,Null,0,10
1244175525586907136,KungFluK9,35143942,1:12 AM - 29 Mar 2020,No other president has endured the baseless and relentless attacks this president has. TDS is more ,,Null,2,6
1244169453010432000,Oldtimer,20844327,12:48 AM - 29 Mar 2020,Much of the reason behind this puzzled (and angry) question â€œwhy arenâ€™t more people dying in India?â€ is caused by this role reversal. It is people of third world that are supposed to fall off like flies to ,,Null,3,3
1244167066657206272,Akpraise.com,793624014,12:38 AM - 29 Mar 2020,Lady shares her coronavirus symptoms to encourage people to stay indoors over the highly ,https://akpraise.ng/lady-shares-her-coronavirus-symptoms-to-encourage-people-to-stay-indoors-over-the-highly-contagious-disease/,Null,2,9
1244165847490465792,Trophy Husband,1064968199614144512,12:33 AM - 29 Mar 2020,Mine explaining what the correlation between being a commander at war and ,,Null,0,11
1244137047025225728,George,20460679,10:39 PM - 28 Mar 2020,TRUE... China needs to be fully examined about their "culture". The world cannot keep having a virus or any other ,,Null,2,3
1244136645718351872,GreenEggsnHam,1075498740478300161,10:37 PM - 28 Mar 2020,A) Why would they need face masks after they're no longer ,,Null,0,6
1244133060049686530,Brendon Harre,2989698792,10:23 PM - 28 Mar 2020,Intetestin Covid virus incubation and ,https://www.caltech.edu/about/news/tip-iceberg-virologist-david-ho-bs-74-speaks-about-covid-19?fbclid=IwAR10qxdVxCFHcKxpL4iyY6xcdIe_MeR4NVFLB1zBr1R42dkp8r7i4QWi4y8,Null,1,5
1244126080564248576,Some Social Distancing Warlock,1228844243520671744,9:55 PM - 28 Mar 2020,Diarrhea isn't ,https://twitter.com/mitchellvii/status/1243908228213325826,Null,0,4
1244123580213989382,ola ğŸŒ»,2490619035,9:45 PM - 28 Mar 2020,â€œItâ€™s fine Iâ€™m not sickâ€... ok?? A lot of yâ€™all are grown adults and donâ€™t know what an incubation period is. Go watch some Greyâ€™s Anatomy and sit your ,https://twitter.com/ElegantSavant/status/1244017146432282624,Null,1,7
1244105455128981504,Pam,36956124,8:33 PM - 28 Mar 2020,Oh My Goodness have you seen this. Iâ€™m Ded. ,,Null,1,8
1244102529316720642,Kelly Noland ğŸ‡ºğŸ‡¸ğŸ’™ğŸŒ,1094284622723252224,8:22 PM - 28 Mar 2020,Itâ€™s the a symptomatic people we need to worry about. We donâ€™t know how long they are ,,Null,1,6
1244100747072962560,Nallappanar G,1040242057724321792,8:15 PM - 28 Mar 2020,Selfishness is more dangerous than the ,https://twitter.com/Navanee_Arash/status/1243872003779637248,Null,3,5
1244212415991918593,Dave King,914471598,3:38 AM - 29 Mar 2020,I think we can all agree that Isa Briones is a dead set hotty. ,,Null,1,4
1244212083807473664,Doctor Mami,1441526113,3:37 AM - 29 Mar 2020,Please remember that demanding a health worker attend to a possibly ,,Null,120,231
1244211980510146561,Jeanette,1141314157,3:37 AM - 29 Mar 2020,This is for Corona you big fat virus nasty ,,Null,8,47
1244210562160091136,abdul-abdul,461850298,3:31 AM - 29 Mar 2020,Prophet Muhammad said: "If you hear of an outbreak of plague in a land  do not enter it; but if the plague outbreaks out in a place while you are in it  do not leave that place."  He also said: "Those with ,,Null,16,65
1244210137155371008,AR,64156661,3:29 AM - 29 Mar 2020,How to take a ,,Null,0,1
1244207800353316866,Archana Bhatnagar,810453938319331332,3:20 AM - 29 Mar 2020,Corona Virus is ,,Null,1,3
1244207172432605184,Qiesto,1105566942423904262,3:18 AM - 29 Mar 2020,Negative thinking is much more ,,Null,1,8
1244206789580767235,Callum Donnellan,1079038183483064326,3:16 AM - 29 Mar 2020,tested positive for bored oot my nut the day might be ,,Null,0,2
1244206436915150851,â™•Nilotpal SahağŸ‡®ğŸ‡³,535518057,3:15 AM - 29 Mar 2020,I have committed to my nations safety by pledging  I promote safety against Covid 19. It's your turn now. Pledge and get a certificate of commitment. Inspire people and let the commitment be ,https://www.injntu.com/pledge/,Null,0,2
1244206425452101634,CapTEAtalista,1013368951009447937,3:15 AM - 29 Mar 2020,You know what's more ,,Null,5,23
1244206284318138368,Andres Guadamuz,15306235,3:14 AM - 29 Mar 2020,Hopefully our last update. We seem to be fine now  worst symptoms gone  what we had was nothing like a flu. We'll stay in isolation a few more days to make sure we're not ,,Null,0,16
1244205590181629952,citti,919498759658074113,3:11 AM - 29 Mar 2020,"Gay is not a ,,Null,0,3
1244205478676180993,john,1244099169851244546,3:11 AM - 29 Mar 2020,Ill answer the question. What happening.? You should know. Right. Why is twitter asking me Whats happening? The dreadful ,,Null,0,0
1244204810867331074,ê¸°í˜„ì™•ìë‹˜ PRINCEKIHYUN,148977418,3:08 AM - 29 Mar 2020,wonho's laugh is so ,,Null,189,477
1244200745072721920,Dr Matt Prescott,21855179,2:52 AM - 29 Mar 2020,Gratitude IS ,,Null,2,180
1244178780316291074,Kyla Antoinette,2380939568,1:25 AM - 29 Mar 2020,They didn't realize how ,,Null,0,13
1244161097399185408,Mahnoor Bari,282491388,12:14 AM - 29 Mar 2020,In depth reportage of a ,https://twitter.com/HassaanKahn/status/1243851164371881984,Null,1,3
1244157011140501505,Abdullah Ayaz Mullanee,730225381823938560,11:58 PM - 28 Mar 2020,Child Saliva: Once again  what is unsanitary about it? Even in today's western world  people make out and share drinks.   As long as he was not suffering from a ,,Null,0,19
1244132709955284992,Patryn Apu,975126433679814657,10:22 PM - 28 Mar 2020,Right?! Easily 40-50% of the material is people's thoughts. How the heck can you convey that on screen well? Some stuff  peeps just have to read.,,Null,0,5
1244129769681063937,Patryn Apu,975126433679814657,10:10 PM - 28 Mar 2020,Yeah  I keep seeing people getting excited about this new adaptation. Some things just don't work on screen. This is one.,,Null,0,5
1244200722637434889,Hasbi Allah ğŸ¤²ğŸ½,1451779632,2:52 AM - 29 Mar 2020,I don't want him sending me anything w his ,https://twitter.com/MGardner1977/status/1244039491049984006,Null,0,0
1244199333467230208,Rachael Dixon,14979174,2:46 AM - 29 Mar 2020,I love that it says 'grattitude is ,,Null,3,253
1244198991501209600,KT ğŸ¦‹,1687698427,2:45 AM - 29 Mar 2020,you feel the vibe  itâ€™s ,,Null,0,0
1244198871712124934,IsItJustMe,1206644377956818945,2:45 AM - 29 Mar 2020,Why are so many people expecting ,https://twitter.com/IIIILamboIIII/status/1244191759128813570,Null,0,2
1244197487549779968,Abla Eve,265601249,2:39 AM - 29 Mar 2020,Wow!!! Nice one Pastor Julius... let love and kindness be more ,,Null,8,15
1244195129218473986,Nazu khan,940905155008122880,2:30 AM - 29 Mar 2020,Prophet Muhammad (PBUH)said  If U hear an outbreak of a plague in a land dont enter it but if the plague outbreaks in a place while u r in it dont leave that place  Those with ,,Null,65,67
1244195010708471808,Alew,1093155747226095616,2:29 AM - 29 Mar 2020,The virus is so dangerous because it is highly ,,Null,0,1
1244194158274850816,Mr A,37432008,2:26 AM - 29 Mar 2020,Isn't sending a letter to every house massively stupid in the middle of a global pandemic involving an extremely ,,Null,8,31
1244194129824960513,BUTCHY KID,215082196,2:26 AM - 29 Mar 2020,â€œCavity creeps are ,,Null,0,4
1244193192557400064,Oi Tw@tter - Get A Grip,1510303386,2:22 AM - 29 Mar 2020,Won't Johnson sending us all a letter put Royal Mail staff at risk given he'll be licking all the envelopes and he's got a ,,Null,0,0
1244192467664220160,Danny,3410015567,2:19 AM - 29 Mar 2020,My grandad goes shopping by himself but it takes the ,,Null,0,1
1244192034711355392,kriss Kross 2020,1145354443803844610,2:17 AM - 29 Mar 2020,Afro Queen 0:30 so ,,Null,0,0
1244191894894260224,Demi,2941230095,2:17 AM - 29 Mar 2020,Fear is ,,Null,0,0
1244191538290339840,Laurie Higgins,967877283099881474,2:15 AM - 29 Mar 2020,A2 Perfect spin for me! I met Mr. Schu at a conference a few years ago.  His passion and generosity are ,,Null,0,6
1244188863607771136,Lucipost,1049594641396506626,2:05 AM - 29 Mar 2020,Lady shares her Coronavirus Symptoms to encourage people to stay indoors over the Highly ,https://www.lucipost.com/2020/03/lady-shares-her-coronavirus-symptoms-to-encourage-people-to-stay-indoors-over-the-highly-contagious-disease/,Null,0,0
1244188516797558784,Lucia Sollecito,1626222781,2:03 AM - 29 Mar 2020,Thank you for cheering me up ,https://twitter.com/GabiSuzanne/status/1244179172530012162,Null,0,3
1244188111359348736,DB LCK DWN,22643417,2:02 AM - 29 Mar 2020,...and it took the ,,Null,0,1
1244187903858814976,Archimedes,1223318067465289728,2:01 AM - 29 Mar 2020,Pareeshani ky din hein globally so you're perfectly normal aapa! Yeh din jald mazi ka hissa bun jayen gy. Sb kher ho gi Insha Allah sadqa Muhammad wa Aal e Muhammad A.S,,Null,1,2
1244187697230405638,Jester,1129585136884785154,2:00 AM - 29 Mar 2020,ok next one: even during the corona pandemic  the most ,https://curiouscat.me/dummysoftswitch/post/1075683959,Null,0,1
1244187308510806016,Benjamin Nyirenda,348911347,1:59 AM - 29 Mar 2020,That smile is ,,Null,0,2
1244187146556026881,à¤ à¤¾à¤•à¥à¤° à¤–à¥‡à¤® Ú©Ú¾ÛŒÙ… à¨–à©‡à¨® Khem,17508400,1:58 AM - 29 Mar 2020,But before that he may have already passed on the virus to hundreds of travellers.  This virus is very ,,Null,0,1
